{"cameraMode":{"drawMode":0,"name":"Shaded","section":"Shading Mode"},"sceneLighting":true,"audioPlay":false,"sceneViewState":{"showFog":true,"showMaterialUpdate":false,"showSkybox":true,"showFlares":true,"showImageEffects":true,"showParticleSystems":true,"showVisualEffectGraphs":true,"m_FxEnabled":true},"in2DMode":false,"pivot":{"x":160.05508422851563,"y":75.06268310546875,"z":-26.919403076171876},"rotation":{"x":-0.004802427254617214,"y":-0.05487498641014099,"z":0.00026282668113708496,"w":-0.9984888434410095},"size":175.17115783691407,"orthographic":false}