{
    "name": "root",
    "metadata": {
        "timer_format_version": "0.1.0",
        "start_time_seconds": "1599059677",
        "python_version": "3.8.5 (tags/v3.8.5:580fbb0, Jul 20 2020, 15:57:54) [MSC v.1924 64 bit (AMD64)]",
        "command_line_arguments": "C:\\Users\\ramda\\AppData\\Local\\Programs\\Python\\Python38\\Scripts\\mlagents-learn Config/ppo/Unko.yaml --run-id=unko4",
        "mlagents_version": "0.19.0",
        "mlagents_envs_version": "0.19.0",
        "communication_protocol_version": "1.0.0",
        "tensorflow_version": "2.3.0",
        "numpy_version": "1.18.5",
        "end_time_seconds": "1599059687"
    },
    "total": 9.822599799999999,
    "count": 1,
    "self": 0.22296359999999993,
    "children": {
        "run_training.setup": {
            "total": 0.007810600000000001,
            "count": 1,
            "self": 0.007810600000000001
        },
        "TrainerController.start_learning": {
            "total": 9.5918256,
            "count": 1,
            "self": 0.00013679999999816062,
            "children": {
                "TrainerController._reset_env": {
                    "total": 8.158302500000001,
                    "count": 1,
                    "self": 7.3884757000000025,
                    "children": {
                        "demo_to_buffer": {
                            "total": 0.7698267999999988,
                            "count": 1,
                            "self": 3.4199999998207886e-05,
                            "children": {
                                "load_demonstration": {
                                    "total": 0.2481465000000007,
                                    "count": 1,
                                    "self": 0.24804340000000025,
                                    "children": {
                                        "read_file": {
                                            "total": 0.00010310000000046671,
                                            "count": 1,
                                            "self": 0.00010310000000046671
                                        }
                                    }
                                },
                                "make_demo_buffer": {
                                    "total": 0.5216460999999999,
                                    "count": 1,
                                    "self": 0.16303780000010093,
                                    "children": {
                                        "steps_from_proto": {
                                            "total": 0.35860829999989896,
                                            "count": 6870,
                                            "self": 0.18870119999989754,
                                            "children": {
                                                "_process_vector_observation": {
                                                    "total": 0.16990710000000142,
                                                    "count": 13740,
                                                    "self": 0.16990710000000142
                                                }
                                            }
                                        }
                                    }
                                }
                            }
                        }
                    }
                },
                "TrainerController._save_models": {
                    "total": 1.4333863000000004,
                    "count": 1,
                    "self": 0.0024009000000013714,
                    "children": {
                        "RLTrainer._checkpoint": {
                            "total": 1.430985399999999,
                            "count": 1,
                            "self": 1.430985399999999
                        }
                    }
                }
            }
        }
    }
}