{
    "name": "root",
    "gauges": {
        "Unko.Policy.Entropy.mean": {
            "value": 1.4224170446395874,
            "min": 1.4171329736709595,
            "max": 1.4386866092681885,
            "count": 64
        },
        "Unko.Policy.ExtrinsicValueEstimate.mean": {
            "value": -0.0012030451325699687,
            "min": -0.04841315746307373,
            "max": 0.22839964926242828,
            "count": 64
        },
        "Unko.Policy.CuriosityValueEstimate.mean": {
            "value": 0.9473316669464111,
            "min": 0.0281943641602993,
            "max": 6.587592601776123,
            "count": 64
        },
        "Unko.Policy.GAILValueEstimate.mean": {
            "value": 0.2457628697156906,
            "min": -0.07649382203817368,
            "max": 0.4136092960834503,
            "count": 64
        },
        "Unko.Environment.EpisodeLength.mean": {
            "value": 55.954802259887,
            "min": 53.45753424657534,
            "max": 141.54285714285714,
            "count": 64
        },
        "Unko.Self-play.ELO.mean": {
            "value": 1168.6701628091705,
            "min": 1000.8126929809079,
            "max": 1173.083244487838,
            "count": 64
        },
        "Unko.Environment.CumulativeReward.mean": {
            "value": 0.1643059490084986,
            "min": -0.2619718309859155,
            "max": 0.4090909090909091,
            "count": 64
        },
        "Unko.Policy.ExtrinsicReward.mean": {
            "value": 0.1643059490084986,
            "min": -0.2619718309859155,
            "max": 0.4090909090909091,
            "count": 64
        },
        "Unko.Policy.CuriosityReward.mean": {
            "value": 0.3895119596338665,
            "min": 0.0,
            "max": 121.07787779466996,
            "count": 64
        },
        "Unko.Policy.GAILReward.mean": {
            "value": 0.1297534301234898,
            "min": 0.0,
            "max": 1.4709816277673435,
            "count": 64
        },
        "Unko.IsTraining.mean": {
            "value": 1.0,
            "min": 1.0,
            "max": 1.0,
            "count": 64
        },
        "Unko.Losses.ValueLoss.mean": {
            "value": 0.04864460229873657,
            "min": 0.03809725493192673,
            "max": 60.81974411010742,
            "count": 62
        },
        "Unko.Losses.PolicyLoss.mean": {
            "value": 0.015240969136357307,
            "min": 0.012527010403573513,
            "max": 0.02169094607234001,
            "count": 62
        },
        "Unko.Policy.LearningRate.mean": {
            "value": 0.0002618113940116018,
            "min": 0.0002618113940116018,
            "max": 0.000299383100355044,
            "count": 62
        },
        "Unko.Policy.Epsilon.mean": {
            "value": 0.18727049231529236,
            "min": 0.18727049231529236,
            "max": 0.19979435205459595,
            "count": 62
        },
        "Unko.Policy.Beta.mean": {
            "value": 0.004364795051515102,
            "min": 0.004364795051515102,
            "max": 0.004989740438759327,
            "count": 62
        },
        "Unko.Losses.CuriosityForwardLoss.mean": {
            "value": 0.33519572019577026,
            "min": 0.32701459527015686,
            "max": 470.0210266113281,
            "count": 62
        },
        "Unko.Losses.CuriosityInverseLoss.mean": {
            "value": 0.3306821882724762,
            "min": 0.3306821882724762,
            "max": 3.071599245071411,
            "count": 62
        },
        "Unko.Losses.GAILLoss.mean": {
            "value": 1.7544859647750854,
            "min": 1.7255452871322632,
            "max": 9.146556854248047,
            "count": 62
        },
        "Unko.Policy.GAILPolicyEstimate.mean": {
            "value": 0.1758892834186554,
            "min": 0.1392044574022293,
            "max": 0.5025818943977356,
            "count": 62
        },
        "Unko.Policy.GAILExpertEstimate.mean": {
            "value": 0.8966861367225647,
            "min": 0.755630612373352,
            "max": 0.8966861367225647,
            "count": 62
        },
        "Unko.Losses.PretrainingLoss.mean": {
            "value": 0.0,
            "min": 0.0,
            "max": 0.26971235871315,
            "count": 62
        }
    },
    "metadata": {
        "timer_format_version": "0.1.0",
        "start_time_seconds": "1599138484",
        "python_version": "3.8.5 (tags/v3.8.5:580fbb0, Jul 20 2020, 15:57:54) [MSC v.1924 64 bit (AMD64)]",
        "command_line_arguments": "C:\\Users\\ramda\\AppData\\Local\\Programs\\Python\\Python38\\Scripts\\mlagents-learn Config/ppo/Unko.yaml --run-id=unko6",
        "mlagents_version": "0.19.0",
        "mlagents_envs_version": "0.19.0",
        "communication_protocol_version": "1.0.0",
        "tensorflow_version": "2.3.0",
        "numpy_version": "1.18.5",
        "end_time_seconds": "1599144441"
    },
    "total": 5956.3757015,
    "count": 1,
    "self": 0.0054427999994004495,
    "children": {
        "run_training.setup": {
            "total": 0.015753899999999987,
            "count": 1,
            "self": 0.015753899999999987
        },
        "TrainerController.start_learning": {
            "total": 5956.3545048000005,
            "count": 1,
            "self": 20.21842759993524,
            "children": {
                "TrainerController._reset_env": {
                    "total": 32.459967200000804,
                    "count": 13,
                    "self": 30.8738416000008,
                    "children": {
                        "demo_to_buffer": {
                            "total": 1.5861256000000026,
                            "count": 2,
                            "self": 0.011777799999997285,
                            "children": {
                                "load_demonstration": {
                                    "total": 0.5134862000000027,
                                    "count": 2,
                                    "self": 0.5091316999999975,
                                    "children": {
                                        "read_file": {
                                            "total": 0.004354500000005146,
                                            "count": 2,
                                            "self": 0.004354500000005146
                                        }
                                    }
                                },
                                "make_demo_buffer": {
                                    "total": 1.0608616000000026,
                                    "count": 2,
                                    "self": 0.33200599999939584,
                                    "children": {
                                        "steps_from_proto": {
                                            "total": 0.7288556000006068,
                                            "count": 13740,
                                            "self": 0.3868954999996248,
                                            "children": {
                                                "_process_vector_observation": {
                                                    "total": 0.341960100000982,
                                                    "count": 27480,
                                                    "self": 0.341960100000982
                                                }
                                            }
                                        }
                                    }
                                }
                            }
                        }
                    }
                },