{
    "name": "root",
    "gauges": {
        "Unko.Policy.Entropy.mean": {
            "value": 1.3761576414108276,
            "min": 1.3761576414108276,
            "max": 1.4501320123672485,
            "count": 102
        },
        "Unko.Environment.EpisodeLength.mean": {
            "value": 34.36572438162544,
            "min": 30.64873417721519,
            "max": 135.20408163265307,
            "count": 102
        },
        "Unko.Policy.ExtrinsicValueEstimate.mean": {
            "value": -0.14526896178722382,
            "min": -0.14526896178722382,
            "max": 0.27195024490356445,
            "count": 102
        },
        "Unko.Policy.CuriosityValueEstimate.mean": {
            "value": 6.993298053741455,
            "min": 0.1162896379828453,
            "max": 6.993298053741455,
            "count": 102
        },
        "Unko.Policy.GAILValueEstimate.mean": {
            "value": 4.136000633239746,
            "min": 0.15669016540050507,
            "max": 4.136000633239746,
            "count": 102
        },
        "Unko.Environment.CumulativeReward.mean": {
            "value": -0.12367491166077739,
            "min": -0.12390924956369982,
            "max": -0.024691358024691357,
            "count": 102
        },
        "Unko.Policy.ExtrinsicReward.mean": {
            "value": -0.12367491166077739,
            "min": -0.12390924956369982,
            "max": -0.024691358024691357,
            "count": 102
        },
        "Unko.Policy.CuriosityReward.mean": {
            "value": 0.0752542495828117,
            "min": 0.0,
            "max": 113.52188189235734,
            "count": 102
        },
        "Unko.Policy.GAILReward.mean": {
            "value": 0.1930835334791443,
            "min": 0.0,
            "max": 0.9521401051131094,
            "count": 102
        },
        "Unko.IsTraining.mean": {
            "value": 1.0,
            "min": 1.0,
            "max": 1.0,
            "count": 102
        },
        "Unko.Losses.ValueLoss.mean": {
            "value": 18.274789810180664,
            "min": 0.06993600726127625,
            "max": 62.20676040649414,
            "count": 99
        },
        "Unko.Losses.PolicyLoss.mean": {
            "value": 0.0150887630879879,
            "min": 0.011877135373651981,
            "max": 0.023057499900460243,
            "count": 99
        },
        "Unko.Policy.LearningRate.mean": {
            "value": 0.0002390124718658626,
            "min": 0.0002390124718658626,
            "max": 0.0002993838279508054,
            "count": 99
        },
        "Unko.Policy.Epsilon.mean": {
            "value": 0.17967082560062408,
            "min": 0.17967082560062408,
            "max": 0.19979463517665863,
            "count": 99
        },
        "Unko.Policy.Beta.mean": {
            "value": 0.003985574468970299,
            "min": 0.003985574468970299,
            "max": 0.00498975021764636,
            "count": 99
        },
        "Unko.Losses.CuriosityForwardLoss.mean": {
            "value": 0.10496758669614792,
            "min": 0.09887181222438812,
            "max": 400.9373779296875,
            "count": 99
        },
        "Unko.Losses.CuriosityInverseLoss.mean": {
            "value": 0.29934456944465637,
            "min": 0.2968508303165436,
            "max": 2.770372152328491,
            "count": 99
        },
        "Unko.Losses.GAILLoss.mean": {
            "value": 1.1893616914749146,
            "min": 1.1849790811538696,
            "max": 9.505727767944336,
            "count": 99
        },
        "Unko.Policy.GAILPolicyEstimate.mean": {
            "value": 0.4001582860946655,
            "min": 0.39925485849380493,
            "max": 0.49669164419174194,
            "count": 99
        },
        "Unko.Policy.GAILExpertEstimate.mean": {
            "value": 0.5860376954078674,
            "min": 0.5026249289512634,
            "max": 0.5887709856033325,
            "count": 99
        }
    },
    "metadata": {
        "timer_format_version": "0.1.0",
        "start_time_seconds": "1599042485",
        "python_version": "3.8.5 (tags/v3.8.5:580fbb0, Jul 20 2020, 15:57:54) [MSC v.1924 64 bit (AMD64)]",
        "command_line_arguments": "C:\\Users\\ramda\\AppData\\Local\\Programs\\Python\\Python38\\Scripts\\mlagents-learn Config/ppo/Unko.yaml --run-id=unko",
        "mlagents_version": "0.19.0",
        "mlagents_envs_version": "0.19.0",
        "communication_protocol_version": "1.0.0",
        "tensorflow_version": "2.3.0",
        "numpy_version": "1.18.5",
        "end_time_seconds": "1599046668"
    },
    "total": 4183.1916648,
    "count": 1,
    "self": 0.004353699999228411,
    "children": {
        "run_training.setup": {
            "total": 0.008067199999999941,
            "count": 1,
            "self": 0.008067199999999941
        },
        "TrainerController.start_learning": {
            "total": 4183.1792439,
            "count": 1,
            "self": 17.37421380030628,
            "children": {
                "TrainerController._reset_env": {
                    "total": 8.5371427,
                    "count": 1,
                    "self": 7.665086800000001,
                    "children": {
                        "demo_to_buffer": {
                            "total": 0.8720558999999994,
                            "count": 1,
                            "self": 0.007491399999997483,
                            "children": {
                                "load_demonstration": {
                                    "total": 0.2775276000000009,
                                    "count": 1,
                                    "self": 0.2774099999999997,
                                    "children": {
                                        "read_file": {
                                            "total": 0.00011760000000116122,
                                            "count": 1,
                                            "self": 0.00011760000000116122
                                        }
                                    }
                                },
                                "make_demo_buffer": {
                                    "total": 0.5870369000000011,
                                    "count": 1,
                                    "self": 0.1830645999999181,
                                    "children": {
                                        "steps_from_proto": {
                                            "total": 0.403972300000083,
                                            "count": 7762,
                                            "self": 0.2127511000000002,
                                            "children": {
                                                "_process_vector_observation": {
                                                    "total": 0.1912212000000828,
                                                    "count": 15524,
                                                    "self": 0.1912212000000828
                                                }
                                            }
                                        }
                                    }
                                }
                            }
                        }
                    }
                },
                "TrainerController.advance": {
                    "total": 4154.177751499694,
                    "count": 1049043,
                    "self": 7.418429099758214,
                    "children": {
                        "env_step": {
                            "total": 4146.759322399936,
                            "count": 1049043,
                            "self": 3598.7991456996156,